City_ID,City,Lat,Lng,Max Temp,Humidity,Cloudiness,Wind Speed,Country,Date
0,port mathurin,-19.6833,63.4167,27.27,84,100,7.93,MU,1707680058
1,blackmans bay,-43.0167,147.3167,14.18,86,100,1.02,AU,1707680093
2,thompson,55.7435,-97.8558,-10.91,85,100,2.06,CA,1707680093
3,jainpur,26.1533,83.3347,12.49,54,0,1.61,IN,1707680094
4,hamilton,39.1834,-84.5333,10.7,63,0,4.02,US,1707680094
5,hammerfest,70.6634,23.6821,-0.75,64,40,3.09,NO,1707680094
6,aasiaat,68.7098,-52.8699,-24.62,99,99,5.53,GL,1707679977
7,balqash,46.8481,74.995,-14.68,84,91,3.82,KZ,1707680094
8,anadyr,64.75,177.4833,-23.72,84,75,5.0,RU,1707680094
9,edinburgh of the seven seas,-37.0676,-12.3116,18.05,68,42,7.85,SH,1707680078
10,waitangi,-43.9535,-176.5597,12.12,76,100,1.79,NZ,1707680095
11,ambalavao,-21.8333,46.9333,20.61,96,100,1.72,MG,1707680095
12,bethel,41.3712,-73.414,8.65,61,0,3.09,US,1707680095
13,margaret river,-33.95,115.0667,17.44,80,1,7.66,AU,1707680095
14,uturoa,-16.7333,-151.4333,27.69,87,100,10.0,PF,1707680095
15,saint-philippe,-21.3585,55.7679,26.77,88,43,4.78,RE,1707679835
16,warwick,41.7001,-71.4162,9.45,56,100,6.69,US,1707680095
17,kourou,5.1552,-52.6478,29.03,68,12,4.19,GF,1707680095
18,ushuaia,-54.8,-68.3,9.81,76,75,9.26,AR,1707680095
19,newman,37.3138,-121.0208,14.03,70,85,0.89,US,1707679943
20,nar'yan-mar,67.6713,53.087,-30.5,100,47,1.79,RU,1707680096
21,afaahiti,-17.75,-149.2833,27.81,85,99,11.63,PF,1707680096
22,santa terezinha,-29.9002,-50.0904,31.74,55,56,2.49,BR,1707679928
23,whitehorse,60.7161,-135.0538,-2.57,71,75,4.63,CA,1707679934
24,coyhaique,-45.5752,-72.0662,16.34,44,75,4.63,CL,1707680096
25,olonkinbyen,70.9221,-8.7187,-3.14,62,100,4.56,SJ,1707680096
26,tiksi,71.6872,128.8694,-34.41,100,100,1.15,RU,1707680090
27,avarua,-21.2078,-159.775,28.03,74,40,6.17,CK,1707680073
28,colonia,50.9333,6.95,10.03,82,75,2.57,DE,1707680097
29,kirensk,57.7853,108.1119,-9.46,94,94,1.34,RU,1707680097
30,gamba,-2.65,10.0,26.97,82,100,2.04,GA,1707680097
31,albany,42.6001,-73.9662,6.21,67,100,0.89,US,1707680097
32,orkney,-26.9802,26.6727,20.64,70,2,5.03,ZA,1707680097
33,adamstown,-25.066,-130.1015,25.09,89,72,10.93,PN,1707680052
34,tazovsky,67.4667,78.7,-31.7,97,100,2.5,RU,1707679946
35,iqaluit,63.7506,-68.5145,-21.15,71,75,1.54,CA,1707680039
36,el porvenir,13.7617,-87.3458,34.63,27,0,3.02,HN,1707680097
37,hermanus,-34.4187,19.2345,21.0,68,22,4.42,ZA,1707680098
38,west island,-12.1568,96.8225,27.99,78,40,4.12,CC,1707680098
39,puerto natales,-51.7236,-72.4875,12.25,54,75,6.69,CL,1707679957
40,badger,64.8,-147.5333,-5.66,90,100,2.06,US,1707679896
41,punta arenas,-53.15,-70.9167,13.06,47,40,13.38,CL,1707680098
42,vilyuchinsk,52.9306,158.4028,-16.71,85,13,3.9,RU,1707680098
43,flekkefjord,58.2971,6.6607,-1.34,79,100,11.25,NO,1707680098
44,puerto armuelles,8.2833,-82.8667,33.99,56,12,2.24,PA,1707680098
45,port-aux-francais,-49.35,70.2167,8.78,94,100,14.95,TF,1707680038
46,giporlos,11.12,125.4494,24.91,84,32,5.09,PH,1707680099
47,puerto deseado,-47.7503,-65.8938,15.36,70,99,10.17,AR,1707680099
48,burgos,42.3394,-3.7079,5.23,81,75,4.63,ES,1707680099
49,labrador city,52.9463,-66.9114,-5.46,79,100,5.14,CA,1707679810
50,happy valley-goose bay,53.3168,-60.3315,1.17,93,100,0.0,CA,1707680099
51,natal,-5.795,-35.2094,31.36,66,40,5.66,BR,1707680099
52,leava,-14.3,-178.1667,28.83,82,100,8.95,WF,1707680099
53,wanning,18.8003,110.3967,14.62,87,37,1.03,CN,1707680099
54,kavaratti,10.5669,72.642,27.85,75,3,4.75,IN,1707680100
55,archangelos,36.2149,28.1149,16.28,79,100,8.23,GR,1707680100
56,bobo-dioulasso,11.1771,-4.2979,32.25,12,0,1.54,BF,1707680100
57,mamuju,-2.6748,118.8885,24.64,94,100,1.93,ID,1707680100
58,guigang,23.0964,109.6092,13.97,57,4,0.68,CN,1707680100
59,isafjordur,66.0755,-23.124,0.74,81,67,10.95,IS,1707680100
60,tostado,-29.232,-61.7692,34.61,45,95,4.25,AR,1707680100
61,dalandzadgad,43.5708,104.425,-10.25,72,0,2.48,MN,1707680101
62,longyearbyen,78.2186,15.6401,-6.09,86,75,3.09,SJ,1707679955
63,tsiombe,-25.3,45.4833,24.79,94,97,2.04,MG,1707680101
64,east london,-33.0153,27.9116,21.5,77,55,7.72,ZA,1707679812
65,morehead city,34.7229,-76.726,22.03,85,100,6.17,US,1707680101
66,walvis bay,-22.9575,14.5053,19.53,77,96,0.0,NA,1707680101
67,nangong,37.3581,115.3744,3.69,66,0,2.83,CN,1707680101
68,krivosheino,57.3431,83.9261,-18.26,95,99,3.68,RU,1707680102
69,riosucio,5.4216,-75.7032,25.0,63,100,1.0,CO,1707680102
70,grytviken,-54.2811,-36.5092,5.17,85,22,4.68,GS,1707680102
71,san pedro pochutla,15.7333,-96.4667,29.84,45,0,5.31,MX,1707680102
72,lalmohan,22.3384,90.7419,19.03,48,100,1.99,BD,1707680102
73,skeldon,5.8833,-57.1333,29.04,59,14,4.61,GY,1707680102
74,springfield,37.2153,-93.2982,7.31,60,75,5.66,US,1707679935
75,quepos,9.4236,-84.1652,30.86,65,10,3.04,CR,1707680103
76,terrace,54.5163,-128.6035,1.23,80,75,10.29,CA,1707680103
77,funafuti,-8.5243,179.1942,28.0,89,100,7.72,TV,1707680103
78,forster,-32.1667,152.5167,16.83,100,1,1.01,AU,1707680103
79,luderitz,-26.6481,15.1594,17.68,95,2,2.99,NA,1707679876
80,kapuskasing,49.4169,-82.4331,-6.95,73,100,3.6,CA,1707680057
81,karlovo,42.6333,24.8,15.21,74,100,2.47,BG,1707680104
82,udachny,66.4167,112.4,-30.97,97,100,3.83,RU,1707680104
83,xai-xai,-25.0519,33.6442,24.41,61,30,3.68,MZ,1707680104
84,saipan,15.1355,145.701,25.39,69,0,5.14,MP,1707680028
85,yoloten,37.2989,62.3597,13.26,31,98,3.69,TM,1707680104
86,vadso,70.0744,29.7487,-12.91,92,75,4.12,NO,1707680105
87,ta`u,-14.2336,-169.5144,28.62,82,100,7.14,AS,1707679992
88,dire dawa,9.5931,41.8661,23.99,64,38,1.36,ET,1707680105
89,hawaiian paradise park,19.5933,-154.9731,21.69,90,100,4.12,US,1707680030
90,qarazhal,48.0078,70.7903,-22.23,100,46,1.23,KZ,1707680105
91,shingu,33.7333,135.9833,5.35,66,7,5.29,JP,1707680105
92,bilibino,68.0546,166.4372,-40.34,100,73,1.07,RU,1707680105
93,klyuchi,52.2667,79.1667,-13.01,86,55,6.17,RU,1707680106
94,hasaki,35.7333,140.8333,3.22,94,100,8.44,JP,1707679809
95,lompoc,34.6391,-120.4579,18.34,53,0,0.45,US,1707680106
96,port elizabeth,-33.918,25.5701,22.28,80,0,6.17,ZA,1707680106
97,vanersborg,58.3807,12.3234,-0.61,93,100,5.66,SE,1707680106
98,port alberni,49.2413,-124.8028,7.84,95,100,1.34,CA,1707680106
99,puerto ayora,-0.7393,-90.3518,31.98,90,49,3.58,EC,1707680107
100,scarborough,54.2797,-0.4044,7.03,89,14,1.79,GB,1707680104
101,shahgarh,24.3167,79.1333,14.57,36,38,2.22,IN,1707680107
102,utrik,11.2278,169.8474,26.05,74,100,10.89,MH,1707680014
103,ribeira grande,38.5167,-28.7,18.22,82,40,8.75,PT,1707680107
104,suntar,62.1444,117.6319,-26.38,98,100,2.39,RU,1707680107
105,jamestown,42.097,-79.2353,1.8,80,100,2.57,US,1707679878
106,port lincoln,-34.7333,135.8667,17.08,90,0,1.88,AU,1707680108
107,madang,-5.2246,145.7966,24.47,94,98,1.44,PG,1707680108
108,fale old settlement,-9.3852,-171.2468,27.2,85,100,5.57,TK,1707679986
109,corn island,12.1694,-83.0418,26.82,79,0,6.84,NI,1707680109
110,ketchikan,55.3422,-131.6461,2.99,100,100,5.14,US,1707679932
111,goondiwindi,-28.55,150.3167,21.05,74,100,3.98,AU,1707680014
112,stanley,54.868,-1.6985,5.77,92,75,5.14,GB,1707680109
113,kristiansund,63.1115,7.732,-0.64,64,0,3.6,NO,1707680109
114,kharkhorin,47.1975,102.8238,-6.3,63,18,3.91,MN,1707680109
115,tamandare,-8.7597,-35.1047,28.19,72,100,3.96,BR,1707680110
116,nanga eboko,4.6833,12.3667,25.54,26,70,0.77,CM,1707680110
117,greymouth,-42.4667,171.2,11.83,74,100,2.0,NZ,1707680110
118,king city,36.2127,-121.126,14.4,49,60,0.31,US,1707680110
119,ust-nera,64.5667,143.2,-34.07,100,100,1.18,RU,1707680111
120,hilo,19.7297,-155.09,26.27,93,100,4.12,US,1707680111
121,keflavik,64.0049,-22.5624,0.24,59,0,4.63,IS,1707680111
122,neryungri,56.6709,124.6491,-19.78,97,100,1.55,RU,1707680111
123,souillac,-20.5167,57.5167,27.42,94,75,1.54,MU,1707680112
124,oriximina,-1.7656,-55.8661,30.61,61,89,0.63,BR,1707680112
125,kalur kot,32.1564,71.2594,14.68,24,98,1.66,PK,1707680112
126,westport,41.1415,-73.3579,9.36,57,0,4.12,US,1707680104
127,ilulissat,69.2167,-51.1,-17.99,71,40,4.63,GL,1707680112
128,yazman,29.1212,71.7446,14.78,17,26,2.04,PK,1707680113
129,kununurra,-15.7667,128.7333,24.99,100,100,2.57,AU,1707680113
130,stepnogorsk,52.3544,71.8869,-17.65,90,7,6.73,KZ,1707680113
131,le touquet-paris-plage,50.5243,1.5857,9.94,81,100,3.09,FR,1707680038
132,ikalamavony,-21.15,46.5833,22.19,89,97,2.55,MG,1707680113
133,college,64.8569,-147.8028,-5.61,86,100,2.06,US,1707680026
134,hami,42.8,93.45,-2.11,50,0,2.79,CN,1707680113
135,yellowknife,62.456,-114.3525,-7.55,86,20,0.0,CA,1707680113
136,cill airne,52.05,-9.5167,4.08,90,100,2.34,IE,1707680114
137,bredasdorp,-34.5322,20.0403,19.65,76,100,4.92,ZA,1707679895
138,lincoln,40.8,-96.667,4.04,63,100,1.79,US,1707679420
139,valley city,46.9233,-98.0032,1.29,93,75,6.17,US,1707679884
140,huanuni,-18.2667,-66.85,15.27,61,100,3.32,BO,1707680114
141,victoria,22.2855,114.1577,16.85,56,17,4.02,HK,1707680087
142,viqueque,-8.8673,126.3658,24.87,98,100,1.6,TL,1707680115
143,atafu village,-8.5421,-172.5159,28.08,78,100,2.47,TK,1707680101
144,st. john's,47.5649,-52.7093,4.04,85,75,3.6,CA,1707680115
145,papatowai,-46.5619,169.4708,12.27,75,100,5.12,NZ,1707680115
146,dudinka,69.4058,86.1778,-34.07,97,26,0.89,RU,1707679916
147,invercargill,-46.4,168.35,11.12,87,100,2.24,NZ,1707680021
148,pikeville,37.4793,-82.5188,12.95,90,100,1.34,US,1707679847
149,qarqaraly,49.4058,75.4742,-24.23,99,82,3.05,KZ,1707680116
150,wailua homesteads,22.0669,-159.378,24.3,78,75,3.09,US,1707680116
151,chita,52.0333,113.55,-18.06,84,70,1.0,RU,1707680116
152,inhambane,-23.865,35.3833,24.99,88,40,3.09,MZ,1707679934
153,aykhal,66.0,111.5,-35.24,100,100,4.01,RU,1707680116
154,ancud,-41.8697,-73.8203,15.88,78,82,4.55,CL,1707680116
155,tukrah,32.5341,20.5791,18.3,56,82,6.59,LY,1707680116
156,hithadhoo,-0.6,73.0833,26.82,80,20,3.67,MV,1707680117
157,porto novo,6.4965,2.6036,28.9,80,83,3.62,BJ,1707680117
158,guerrero negro,27.9769,-114.0611,17.44,44,0,5.65,MX,1707680117
159,usinsk,65.9939,57.5281,-31.63,100,97,1.34,RU,1707679980
160,blythe,33.6103,-114.5964,15.25,25,0,5.14,US,1707679880
161,arkhangel'sk,64.5401,40.5433,-22.72,76,20,1.0,RU,1707680117
162,carnarvon,-24.8667,113.6333,25.51,72,0,7.81,AU,1707680117
163,petropavlovsk-kamchatsky,53.0452,158.6483,-17.53,81,0,6.0,RU,1707680117
164,verkhotur'ye,58.8627,60.8054,-22.06,96,36,1.88,RU,1707680118
165,nizhneangarsk,55.7833,109.55,-11.11,85,21,3.58,RU,1707679855
166,nova vicosa,-17.8919,-39.3719,27.66,73,21,4.17,BR,1707679878
167,jayapura,-2.5333,140.7,23.66,89,100,1.52,ID,1707680118
168,flin flon,54.7682,-101.865,-8.09,79,100,1.54,CA,1707680118
169,kasane,-17.8167,25.15,24.25,64,99,0.85,BW,1707680118
170,susuman,62.7833,148.1667,-32.61,100,100,0.33,RU,1707680030
171,hirara,24.8,125.2833,15.92,62,75,4.12,JP,1707680118
172,ouadda,8.0777,22.4007,25.73,25,26,2.48,CF,1707680119
173,port saint john's,-31.6229,29.5448,21.02,78,98,2.91,ZA,1707679867
174,mount pearl,47.5166,-52.7813,3.58,84,75,3.6,CA,1707680119
175,junqueiropolis,-21.5147,-51.4336,37.17,24,6,4.47,BR,1707680119
176,kingston,17.997,-76.7936,29.58,63,20,8.75,JM,1707679968
177,port alfred,-33.5906,26.891,21.21,80,0,3.58,ZA,1707680119
178,valdivia,-39.8142,-73.2459,20.05,50,15,2.6,CL,1707679880
179,tralee,52.2704,-9.7026,4.77,83,84,4.32,IE,1707680120
180,emerald,-23.5333,148.1667,22.41,82,34,3.3,AU,1707679895
181,naze,28.3667,129.4833,12.51,63,5,4.96,JP,1707680120
182,kenora,49.8167,-94.4337,-7.46,79,100,4.12,CA,1707680120
183,katsuura,35.1333,140.3,3.91,93,100,3.74,JP,1707680038
184,haiku-pauwela,20.9219,-156.3051,23.91,76,20,2.24,US,1707679911
185,quibdo,5.6947,-76.6611,30.19,79,75,1.54,CO,1707680120
186,hassi messaoud,31.6804,6.0729,17.92,34,6,2.57,DZ,1707680120
187,qamdo,31.1667,97.2333,-9.34,46,5,1.84,CN,1707680121
188,laguna,38.421,-121.4238,16.12,63,0,2.06,US,1707680121
189,pokhara,28.2333,83.9833,11.61,23,0,3.02,NP,1707680121
190,iskateley,67.6803,53.1512,-30.55,100,38,1.79,RU,1707680113
191,takoradi,4.8845,-1.7554,27.81,85,77,4.33,GH,1707680121
192,timaru,-44.4,171.25,11.15,89,100,0.9,NZ,1707680121
193,wuhai,39.6647,106.8122,-0.18,33,0,1.84,CN,1707680121
194,aromashevo,56.8602,68.6375,-21.33,97,80,3.52,RU,1707680122
195,canete,-37.8,-73.4,19.05,60,100,4.27,CL,1707680122
196,maceio,-9.6658,-35.7353,29.69,79,40,5.66,BR,1707680122
197,la sarre,48.8002,-79.1996,-5.11,83,100,2.99,CA,1707680010
198,tolanaro,-25.0319,46.9987,27.04,89,40,7.2,MG,1707680122
199,port maria,18.3685,-76.8895,30.03,78,0,12.17,JM,1707680122
200,edson,53.5835,-116.4356,0.08,59,0,2.06,CA,1707679893
201,okhotsk,59.3833,143.3,-29.33,93,88,2.58,RU,1707680122
202,florida,28.7505,-82.5001,29.44,61,0,3.09,US,1707680086
203,sisimiut,66.9395,-53.6735,-20.33,93,95,2.62,GL,1707680123
204,moose jaw,50.4001,-105.5344,-0.86,69,22,7.72,CA,1707680123
205,new norfolk,-42.7826,147.0587,14.84,94,100,1.19,AU,1707680123
206,nicoya,10.1483,-85.452,36.5,33,4,2.18,CR,1707680123
207,enewetak,11.3474,162.3373,26.38,75,100,10.45,MH,1707680108
208,tozeur,33.9197,8.1335,17.22,36,20,5.14,TN,1707680124
209,constantia,44.1833,28.65,12.61,74,97,8.03,RO,1707679839
210,fort mcmurray,56.7268,-111.381,1.77,55,0,6.69,CA,1707680052
211,sao gabriel da cachoeira,-0.1303,-67.0892,30.89,74,20,2.57,BR,1707680124
212,villa gesell,-37.2639,-56.973,28.31,57,53,1.38,AR,1707680124
213,paita,-5.0892,-81.1144,25.29,84,97,6.1,PE,1707680124
214,al kharijah,25.4514,30.5464,15.44,26,33,1.57,EG,1707680125
215,justo daract,-33.8594,-65.1828,32.42,46,82,5.05,AR,1707680125
216,kodiak,57.79,-152.4072,0.73,100,100,0.0,US,1707680111
217,akureyri,65.6835,-18.0878,0.96,69,100,4.12,IS,1707680125
218,san juan,-31.5375,-68.5364,35.05,34,1,3.91,AR,1707680125
219,chauk,20.8833,94.8167,20.15,40,0,1.14,MM,1707680125
220,andkhoy,36.9529,65.1238,13.69,31,100,1.61,AF,1707680126
221,carlsbad,33.1581,-117.3506,19.56,38,0,3.58,US,1707679890
222,antalaha,-14.9003,50.2788,24.93,92,99,1.67,MG,1707680126
223,shitanjing,39.2342,106.3439,0.49,22,1,2.36,CN,1707680126
224,chonchi,-42.6128,-73.8092,16.56,80,97,2.26,CL,1707680126
225,ocean city,39.2776,-74.5746,10.14,77,100,1.79,US,1707680126
226,nizhnesortymskiy,62.4397,71.7603,-21.78,92,97,6.08,RU,1707680126
227,badiyah,22.45,58.8,21.28,77,100,4.98,OM,1707680127
228,lodja,-3.4833,23.4333,22.64,85,100,1.22,CD,1707680127
229,bukhara,39.7747,64.4286,7.97,76,0,2.06,UZ,1707680127
230,pacasmayo,-7.4006,-79.5714,24.16,85,14,6.89,PE,1707680127
231,zhangye,38.9342,100.4517,0.85,21,1,2.82,CN,1707680127
232,paulden,34.8856,-112.4682,8.05,55,0,1.34,US,1707680127
233,polyarnyy,69.1989,33.4478,-16.05,94,100,2.91,RU,1707680127
234,nemuro,43.3236,145.575,-5.51,73,64,0.63,JP,1707680080
235,cabedelo,-6.9811,-34.8339,27.37,77,28,5.59,BR,1707680128
236,hancheng,32.5186,112.3522,7.25,85,7,2.9,CN,1707680128
237,minas de marcona,-15.2119,-75.1103,24.01,59,90,6.85,PE,1707680128
238,boyalik,41.2634,28.6314,14.51,13,100,12.22,TR,1707680128
239,kapa'a,22.0752,-159.319,25.05,77,75,3.09,US,1707680128
240,dapa,9.7594,126.0531,26.0,80,68,7.37,PH,1707680128
241,saint-pierre,-21.3393,55.4781,26.82,78,0,6.69,RE,1707680128
242,georgetown,5.4112,100.3354,27.96,76,20,4.12,MY,1707680041
243,amursk,50.2261,136.8994,-16.92,96,100,4.77,RU,1707680129
244,el jadid,33.2549,-8.506,16.7,89,16,3.69,MA,1707680129
245,port-vila,-17.7338,168.3219,26.82,83,12,2.13,VU,1707680129
246,floro,61.5996,5.0328,5.04,65,0,6.69,NO,1707680121
247,mairi,-11.7114,-40.1489,23.77,83,100,4.6,BR,1707680129
248,alenquer,-1.9417,-54.7383,29.77,66,83,3.1,BR,1707680130
249,sitka,57.0531,-135.33,5.94,70,75,4.63,US,1707680130
250,xilin hot,43.9667,116.0333,-6.09,75,0,7.15,CN,1707680130
251,sinabang,2.4803,96.3801,26.63,83,8,0.38,ID,1707680130
252,machico,32.7,-16.7667,21.67,86,40,1.54,PT,1707680130
253,iquique,-20.2208,-70.1431,25.02,74,100,4.21,CL,1707680039
254,greenville,35.6127,-77.3663,22.09,85,100,2.57,US,1707680060
255,albu kamal,34.45,40.9186,15.27,53,0,1.44,SY,1707680131
256,visby,57.6409,18.296,0.58,93,75,6.17,SE,1707680131
257,vorgashor,67.5833,63.95,-31.8,100,100,1.85,RU,1707680131
258,inskoy,54.4297,86.44,-16.2,93,60,4.54,RU,1707680131
259,balabac,7.9868,117.0645,26.74,79,100,8.8,PH,1707680131
260,camapua,-19.5314,-54.0439,30.07,58,100,0.37,BR,1707680131
261,albertville,34.2676,-86.2089,16.97,93,100,1.54,US,1707680131
262,lawas,13.764,121.0566,22.98,77,12,6.24,PH,1707680132
263,kailua-kona,19.6406,-155.9956,26.27,74,0,1.54,US,1707680132
264,crixas,-14.5489,-49.9692,21.07,96,100,3.31,BR,1707680132
265,gangawati,15.4333,76.5333,23.17,51,10,4.04,IN,1707680132
266,nelson,-41.2833,173.2833,15.16,77,49,1.63,NZ,1707680132
267,pisco,-13.7,-76.2167,28.03,65,0,9.26,PE,1707680132
268,hakha,22.65,93.6167,7.11,47,52,0.88,MM,1707680132
269,joshimath,30.5667,79.5667,-0.94,44,3,7.06,IN,1707680132
270,alofi,-19.0595,-169.9187,28.94,84,100,3.6,NU,1707680133
271,grabow,53.2833,11.5667,5.52,98,100,1.21,DE,1707680133
272,zyryanskoye,56.8306,86.6258,-16.1,91,100,5.01,RU,1707680133
273,mananara,-16.1667,49.7667,24.51,95,100,1.82,MG,1707680133
274,calvinia,-31.4707,19.776,27.4,17,0,1.34,ZA,1707680133
275,kruisfontein,-34.0033,24.7314,21.05,83,25,5.77,ZA,1707680133
276,bambari,5.768,20.6757,31.46,21,68,1.03,CF,1707680133
277,mandera,3.9366,41.867,31.14,27,10,4.45,KE,1707680134
278,nova sintra,14.8667,-24.7167,20.97,75,0,3.81,CV,1707680097
279,port isabel,26.0734,-97.2086,26.05,78,75,3.6,US,1707680101
280,murghob,38.1702,73.9667,-18.5,67,50,2.7,TJ,1707679985
281,vila franca do campo,37.7167,-25.4333,18.27,99,51,7.31,PT,1707680139
282,umluj,25.0213,37.2685,21.85,25,0,7.61,SA,1707680139
283,rongelap,11.1635,166.8941,26.1,80,87,10.44,MH,1707680139
284,ghat,24.9647,10.1728,21.6,9,7,3.19,LY,1707680140
285,phan rang-thap cham,11.5667,108.9833,19.49,93,69,1.8,VN,1707680140
286,broken hill,-31.95,141.4333,25.49,39,0,4.49,AU,1707680140
287,saint-francois,46.4154,3.9054,8.69,78,100,4.12,FR,1707680140
288,nellore,14.4333,79.9667,21.85,83,41,1.1,IN,1707680140
289,prattville,32.464,-86.4597,21.72,80,100,3.6,US,1707680140
290,chernyshevskiy,63.0128,112.4714,-28.82,98,100,2.7,RU,1707679995
291,minab,27.1467,57.0801,18.27,83,69,0.34,IR,1707680140
292,dolbeau-mistassini,48.8763,-72.212,-0.64,90,100,4.07,CA,1707679948
293,pionerskiy,54.9508,20.2275,2.91,97,100,7.7,RU,1707680141
294,chibougamau,49.9168,-74.3659,-8.21,79,100,3.6,CA,1707680141
295,prairie grove,35.9759,-94.3177,7.84,71,100,2.57,US,1707680066
296,kerikeri,-35.2268,173.9474,16.06,83,46,0.89,NZ,1707680141
297,posto fiscal rolim de moura,-13.0833,-62.2667,31.0,61,60,2.19,BR,1707680056
298,mar del plata,-38.0023,-57.5575,26.4,78,0,5.66,AR,1707679916
299,santiago de cao,-7.9589,-79.2392,26.07,78,20,6.17,PE,1707680141
300,palikir - national government center,6.9248,158.1611,27.41,74,100,4.12,FM,1707680142
301,queenstown,-31.8976,26.8753,13.69,92,0,2.36,ZA,1707680142
302,nuuk,64.1835,-51.7216,-13.66,66,47,7.2,GL,1707679980
303,suoyarvi,62.0833,32.35,-22.34,100,98,1.87,RU,1707680142
304,talnakh,69.4865,88.3972,-32.64,85,16,0.95,RU,1707680142
305,tangalle,6.024,80.7911,22.05,84,1,1.44,LK,1707680142
306,hobyo,5.3505,48.5268,26.07,80,70,5.68,SO,1707680142
307,egilsstadir,65.2653,-14.3948,-0.05,93,100,8.23,IS,1707680143
308,sunyani,7.3399,-2.3268,29.27,27,2,1.73,GH,1707680143
309,ivins,37.1686,-113.6794,7.86,38,2,0.45,US,1707680143
310,qaqortoq,60.7167,-46.0333,-16.82,77,99,2.66,GL,1707680143
311,vidyayevo,69.3191,32.8049,-17.77,94,100,2.39,RU,1707680143
312,bodaybo,57.8506,114.1933,-14.34,96,100,1.27,RU,1707680143
313,zouerate,22.7187,-12.4521,23.51,30,0,3.49,MR,1707680132
314,berezovyy,51.6667,135.7,-16.32,89,100,2.55,RU,1707680143
315,bangor,54.6534,-5.669,4.73,85,2,3.6,GB,1707680143
316,kone,-21.0595,164.8658,25.09,86,1,1.04,NC,1707679979
317,duong dong,10.2167,103.9667,26.0,83,0,3.09,VN,1707680084
318,kayangel,8.0823,134.7173,27.27,79,100,9.03,PW,1707680144
319,yuzhno-kurilsk,44.0306,145.8556,-7.57,81,56,2.24,RU,1707680138
320,mahibadhoo,3.7833,72.9667,27.94,75,100,8.83,MV,1707680112
321,fallon,39.4735,-118.7774,3.95,57,75,2.06,US,1707679632
322,rio grande,-32.035,-52.0986,29.06,84,96,4.12,BR,1707680144
323,carutapera,-1.195,-46.02,27.04,85,61,3.13,BR,1707680144
324,daru,-9.0763,143.2092,25.24,89,26,2.37,PG,1707680144
325,geraldton,-28.7667,114.6,22.23,88,0,4.12,AU,1707679892
326,itaituba,-4.2761,-55.9836,33.09,62,40,3.6,BR,1707679999
327,antsiranana,-12.2787,49.2917,25.04,92,100,4.7,MG,1707680145
328,smithers,54.7804,-127.1743,-4.82,100,100,1.03,CA,1707680105
329,sarykemer,43.0,71.5,1.71,85,100,2.7,KZ,1707680145
330,mount gambier,-37.8333,140.7667,11.62,96,1,0.96,AU,1707680053
331,kingscliff,-28.2667,153.5667,24.89,69,75,3.09,AU,1707680145
332,anori,-3.7728,-61.6442,25.09,94,100,0.83,BR,1707680145
333,thinadhoo,0.5333,72.9333,27.5,76,50,6.11,MV,1707680146
334,okanagan,50.3639,-119.35,0.71,90,100,1.17,CA,1707680146
335,klaksvik,62.2266,-6.589,4.51,89,94,6.82,FO,1707680085
336,nouadhibou,20.931,-17.0347,22.99,68,0,6.17,MR,1707680146
337,hauterive,46.0901,3.4459,8.42,88,64,2.57,FR,1707680146
338,sao joao da barra,-21.6403,-41.0511,30.05,83,0,7.15,BR,1707680146
339,norwich,52.6278,1.2983,7.23,90,40,3.09,GB,1707679957
340,novobureyskiy,49.798,129.8774,-14.37,90,100,5.3,RU,1707680146
341,aral,40.5156,81.2636,1.02,54,11,2.1,CN,1707680146
342,alice springs,-23.7,133.8833,26.79,60,100,0.0,AU,1707679891
343,selfoss,63.9331,-20.9971,-4.35,72,77,5.96,IS,1707679978
344,ormara,25.2088,64.6357,21.59,57,70,3.77,PK,1707680147
345,betio village,1.358,172.9211,28.02,78,98,5.79,KI,1707680147
346,acapulco de juarez,16.8634,-99.8901,28.9,65,0,5.66,MX,1707679985
347,macheng,31.1783,115.0319,7.69,62,0,2.21,CN,1707680147
348,nampula,-15.1165,39.2666,24.97,88,75,2.57,MZ,1707680147
349,dryden,49.7833,-92.7503,-5.84,68,100,5.66,CA,1707680147
350,upington,-28.4478,21.2561,30.21,14,0,1.54,ZA,1707679954
351,taishan,22.2514,112.7799,13.76,63,54,1.01,CN,1707680148
352,axim,4.8699,-2.2405,27.87,83,86,2.31,GH,1707680148
353,sao paulo de olivenca,-3.3783,-68.8725,25.42,97,100,0.76,BR,1707680148
354,gadzhiyevo,69.2551,33.3362,-17.03,95,100,2.93,RU,1707680148
355,tarauaca,-8.1614,-70.7656,29.53,74,100,1.94,BR,1707680148
356,twon-brass,4.3151,6.2418,28.25,85,85,5.03,NG,1707680148
357,buta,2.7858,24.73,25.68,60,70,0.95,CD,1707680148
358,kongsvinger,60.1905,11.9977,-7.63,95,100,2.57,NO,1707680010
359,dongsheng,39.8161,109.9776,-6.65,66,1,3.19,CN,1707680149
360,el granada,37.5027,-122.4694,16.61,79,20,3.6,US,1707680149
361,shumerlya,55.5005,46.4129,-16.35,97,86,2.56,RU,1707680149
362,hede,33.7681,120.2517,4.27,80,0,2.83,CN,1707680149
363,san sebastian de la gomera,28.0916,-17.1133,21.32,83,0,1.54,ES,1707680149
364,kronach,50.2396,11.3331,7.53,93,100,1.79,DE,1707680149
365,asikkala,61.2167,25.5,-15.47,97,64,2.48,FI,1707680149
366,morwell,-38.2333,146.4,19.67,63,0,1.26,AU,1707680150
367,bolgar,54.95,49.0667,-22.25,100,54,1.97,RU,1707680150
368,horawala junction,6.4809,80.1271,23.65,89,4,1.3,LK,1707680150
369,huangnihe,43.5583,128.0239,-14.9,94,23,1.57,CN,1707680150
370,perryton,36.4,-100.8027,-1.0,86,100,9.26,US,1707680150
371,varallo,45.8139,8.259,8.98,77,100,2.97,IT,1707680150
372,kayyerkan,69.3786,87.7439,-32.59,87,22,0.2,RU,1707680150
373,genhe,50.7833,121.5167,-20.67,100,97,0.88,CN,1707680150
374,sultanpur,26.2667,82.0667,12.77,55,0,2.34,IN,1707679974
375,chenzhou,25.8,113.0333,9.48,74,2,1.69,CN,1707680151
376,tomatlan,19.9333,-105.25,31.57,28,95,3.5,MX,1707680151
377,kalix,65.853,23.1565,-25.81,99,36,1.28,SE,1707680151
378,oroqen zizhiqi,50.5667,123.7167,-13.26,96,100,0.99,CN,1707680151
379,katima mulilo,-17.5,24.2667,22.09,79,22,1.58,NA,1707680151
380,rosalie,15.3667,-61.2667,26.39,72,14,5.09,DM,1707680151
381,baruun-urt,46.6806,113.2792,-10.76,86,6,7.63,MN,1707680151
382,flying fish cove,-10.4217,105.6791,28.09,63,75,3.04,CX,1707680151
383,nelson bay,-32.7167,152.15,21.11,92,0,0.89,AU,1707680152
384,nadi,-17.8,177.4167,28.0,89,75,2.06,FJ,1707680152
385,tual,-5.6667,132.75,28.57,78,100,5.45,ID,1707680129
386,waingapu,-9.6567,120.2641,26.29,85,100,2.62,ID,1707679936
387,lebu,-37.6167,-73.65,16.76,74,100,7.25,CL,1707680152
388,shinshiro,34.9,137.5,4.09,93,40,4.22,JP,1707680152
389,saudarkrokur,65.7461,-19.6394,-0.86,76,100,4.84,IS,1707680152
390,uyar,55.81,94.3153,-14.41,86,93,4.3,RU,1707680152
391,mariental,-24.6333,17.9667,29.22,36,67,7.86,NA,1707680153
392,san andres,12.5847,-81.7006,30.01,70,40,5.66,CO,1707680153
393,magadan,59.5667,150.8,-22.24,89,100,2.84,RU,1707680153
394,castillos,-34.1667,-53.8333,32.49,47,0,7.75,UY,1707680153
395,teknaf,20.8624,92.3058,16.74,58,1,2.73,BD,1707680153
396,boende,-0.2167,20.8667,29.51,43,100,0.95,CD,1707680153
397,makokou,0.5738,12.8642,26.17,73,100,1.39,GA,1707680153
398,arraial do cabo,-22.9661,-42.0278,30.98,58,0,10.29,BR,1707680149
399,cannonvale,-20.2833,148.7,26.66,79,31,4.44,AU,1707680154
400,lulea,65.5842,22.1547,-25.96,76,0,0.51,SE,1707680154
401,nogliki,51.8333,143.1667,-22.03,100,54,2.24,RU,1707680124
402,adam,22.3756,57.5233,21.19,76,86,4.78,OM,1707680154
403,fuglafjordur,62.244,-6.814,4.26,89,93,6.02,FO,1707680154
404,sechura,-5.5569,-80.8222,25.62,83,56,5.08,PE,1707680154
405,belyy yar,53.6039,91.3903,-12.06,67,0,3.0,RU,1707680154
406,rio branco,-9.9747,-67.81,31.34,70,75,2.57,BR,1707680154
407,christchurch,-43.5333,172.6333,13.56,87,100,2.57,NZ,1707679927
408,manado,1.487,124.8455,25.43,94,40,4.12,ID,1707680155
409,malchin,53.7333,12.7833,4.83,99,100,2.45,DE,1707680155
410,pirallahi,40.4723,50.333,7.08,72,19,2.76,AZ,1707680155
411,revda,56.801,59.9303,-17.06,94,100,4.75,RU,1707680155
412,holualoa,19.6228,-155.9522,24.2,74,0,1.54,US,1707680155
413,rosales,15.8944,120.6328,21.58,77,96,3.02,PH,1707680155
414,birao,10.2849,22.7882,26.82,17,0,2.72,CF,1707680155
415,hailar,49.2,119.7,-7.02,79,100,7.54,CN,1707680156
416,ampanihy,-24.7,44.75,24.55,92,100,2.47,MG,1707680156
417,auna,10.1881,4.7232,30.1,27,100,0.58,NG,1707680156
418,dwarka,22.2394,68.9678,21.73,39,99,4.49,IN,1707680156
419,coaldale,49.7167,-112.6185,1.82,80,75,3.09,CA,1707680089
420,buenavista,8.9769,125.4089,22.62,89,100,1.37,PH,1707680156
421,san patricio,28.017,-97.5169,27.97,35,0,9.13,US,1707680156
422,portland,45.5234,-122.6762,12.21,91,100,5.66,US,1707679891
423,arteche,12.2645,125.4048,24.1,87,100,7.43,PH,1707680156
424,beira,-19.8436,34.8389,30.05,74,40,6.69,MZ,1707680157
425,khilok,51.3674,110.4676,-7.75,88,100,1.51,RU,1707680157
426,abu zabad,12.35,29.25,23.5,11,0,4.87,SD,1707680157
427,caconda,-13.7333,15.0667,17.81,87,100,1.1,AO,1707680158
428,nuku'alofa,-21.1333,-175.2,28.19,83,40,4.12,TO,1707680158
429,kilindoni,-7.9139,39.6668,28.16,82,100,6.36,TZ,1707680158
430,brookings,44.3114,-96.7984,5.03,70,12,1.79,US,1707680122
431,itaporanga,-7.3044,-38.1503,27.94,60,94,3.74,BR,1707680158
432,taoudenni,22.6783,-3.9836,26.86,21,0,3.66,ML,1707680158
433,island harbour,50.724,-1.2758,8.45,84,11,1.79,GB,1707680158
434,kyzyl-mazhalyk,51.1333,90.6,-7.83,95,100,1.79,RU,1707680158
435,gokceada,40.2011,25.909,17.6,79,100,18.91,TR,1707680159
436,talakan,50.3167,130.3667,-9.89,89,100,2.93,RU,1707680159
437,sandnessjoen,66.0217,12.6316,-4.77,54,0,8.23,NO,1707680097
438,malax,62.9423,21.5731,-15.03,85,0,1.54,FI,1707680159
439,thal,35.4791,72.2439,-1.75,58,48,3.52,PK,1707680159
440,sao tome,0.3365,6.7273,29.02,84,40,2.06,ST,1707680159
441,sovetskaya gavan',48.9723,140.2878,-17.72,82,10,2.29,RU,1707680159
442,hun,29.1268,15.9477,21.75,19,100,3.09,LY,1707680159
443,crane,31.3974,-102.3501,11.77,38,44,8.06,US,1707680160
444,salinopolis,-0.6136,-47.3561,27.94,81,82,7.05,BR,1707680160
445,alghero,40.5589,8.3181,12.05,71,40,7.2,IT,1707680160
446,nobres,-14.7203,-56.3275,25.33,91,98,2.29,BR,1707680160
447,edgewater,28.9889,-80.9023,30.05,55,40,8.23,US,1707680160
448,turpan,42.9333,89.1667,2.58,56,1,0.25,CN,1707679997
449,raja,8.4596,25.678,27.99,21,8,2.08,SS,1707680160
450,mkushi,-13.6202,29.3939,20.01,72,91,2.16,ZM,1707680164
451,coquimbo,-29.9533,-71.3436,21.85,68,20,5.14,CL,1707680083
452,mogocha,53.7333,119.7667,-16.34,100,100,0.72,RU,1707680165
453,al khums,32.6486,14.2619,17.48,59,100,7.83,LY,1707680165
454,bindki,26.0333,80.6,12.68,49,0,2.0,IN,1707680165
455,abalak,58.1286,68.5944,-21.47,97,94,2.91,RU,1707680165
456,ust'-ilimsk,58.0006,102.6619,-11.98,84,100,4.0,RU,1707680165
457,zunyi,27.6867,106.9072,8.0,69,12,1.41,CN,1707680165
458,stephenville,32.2207,-98.2023,8.19,93,100,4.12,US,1707680166
459,ocean shores,46.9737,-124.1563,10.77,95,100,8.23,US,1707680037
460,labytnangi,66.6572,66.4183,-27.79,87,25,3.52,RU,1707680166
461,robore,-18.3333,-59.75,29.41,60,100,1.83,BO,1707680166
462,kampong thom,12.7111,104.8887,21.48,65,4,2.49,KH,1707680166
463,vernon,50.2581,-119.2691,2.01,91,100,0.45,CA,1707679966
464,mwene-ditu,-7.0,23.45,20.1,94,99,1.26,CD,1707680166
465,orchomenos,38.4929,22.9796,16.06,63,100,4.92,GR,1707680167
466,jaguaribe,-5.8906,-38.6219,35.18,34,70,3.09,BR,1707680167
467,khandyga,62.6667,135.6,-39.12,98,42,1.52,RU,1707680167
468,yarrawonga,-36.0167,146.0,19.17,48,0,3.33,AU,1707680167
469,ebeltoft,56.1944,10.6821,2.08,93,100,5.14,DK,1707680167
470,kupang,-10.1667,123.5833,26.32,100,75,1.54,ID,1707680167
471,glace bay,46.1969,-59.957,5.25,82,40,3.6,CA,1707680166
472,linhares,-19.3911,-40.0722,27.91,72,10,3.97,BR,1707680168
473,plettenberg bay,-34.0527,23.3716,18.0,89,31,1.25,ZA,1707680168
474,escanaba,45.7453,-87.0646,1.66,55,100,3.6,US,1707680168
475,na wa,17.4897,104.1006,14.64,80,6,2.54,TH,1707680168
476,mana,5.6592,-53.7767,28.4,67,23,4.44,GF,1707680169
477,lihue,21.9789,-159.3672,24.64,78,75,3.09,US,1707680169
478,gucheng chengguanzhen,32.266,111.6348,7.5,82,3,1.48,CN,1707680169
479,kapit,2.0167,112.9333,23.38,100,100,0.37,MY,1707680169
480,bucerias,20.75,-105.3333,25.99,61,75,3.6,MX,1707680044
481,kachug,53.9606,105.8817,-12.84,90,97,1.86,RU,1707680170
482,araxa,-19.5933,-46.9406,24.98,69,40,4.12,BR,1707680170
483,bamboo flat,11.7,92.7167,28.05,78,40,2.57,IN,1707680170
484,vetluga,57.8557,45.781,-19.85,99,63,2.23,RU,1707680170
485,cherryville,53.1569,-6.9667,5.52,90,96,3.17,IE,1707680171
486,guiuan,11.0333,125.7247,23.17,93,50,2.69,PH,1707680171
487,kapshagay,43.8833,77.0833,1.71,96,100,3.52,KZ,1707680171
488,ebon,4.582,168.6964,27.85,80,99,8.4,MH,1707680171
489,ola,59.5833,151.2833,-22.47,88,100,3.25,RU,1707680171
490,puerto cabezas,14.0351,-83.3888,28.98,89,40,2.06,NI,1707680171
491,staraya mayna,54.6,48.95,-15.94,98,34,2.91,RU,1707680171
492,leninskoye,41.7589,69.3864,7.3,56,12,0.69,KZ,1707680172
493,puerto baquerizo moreno,-0.9,-89.6,29.55,74,75,5.14,EC,1707680172
494,broome,42.2506,-75.833,4.83,77,100,2.06,US,1707680172
495,puerto madero,14.7208,-92.4215,33.11,43,0,0.0,MX,1707680173
496,itoman,26.1247,127.6694,17.01,51,3,6.69,JP,1707680032
497,nieuw amsterdam,5.8833,-55.0833,32.09,55,40,0.0,SR,1707680173
498,padangsidempuan,1.3667,99.2667,21.76,95,66,1.74,ID,1707680173
499,barra de santo antonio,-9.4047,-35.5072,29.6,76,100,4.31,BR,1707680173
500,bathsheba,13.2167,-59.5167,29.34,70,20,8.75,BB,1707680161
501,ivdel',60.6911,60.4206,-28.23,98,6,1.79,RU,1707680174
502,mhamid,29.82,-5.72,21.07,28,0,2.81,MA,1707680174
503,ajdabiya,30.7554,20.2263,19.13,24,100,4.68,LY,1707680175
504,lospalos,-8.5186,127.0025,23.97,92,100,4.89,TL,1707680175
505,ponta delgada,37.7333,-25.6667,18.44,88,75,6.69,PT,1707680175
506,ayancik,41.9447,34.5861,13.47,64,100,2.96,TR,1707680175
507,dalbandin,28.8947,64.4101,17.46,33,100,1.01,PK,1707680175
508,pontes e lacerda,-15.2261,-59.3353,26.83,89,99,1.6,BR,1707680175
509,heroica caborca,30.7167,-112.15,14.49,39,0,1.74,MX,1707680175
510,chulakkurgan,43.765,69.1814,-0.92,94,100,3.31,KZ,1707680176
511,vorkuta,67.5,64.0,-30.51,100,100,2.14,RU,1707680176
512,bulayevo,54.9056,70.4439,-17.48,95,100,5.32,KZ,1707680176
513,longgang,37.6508,120.3286,2.07,71,0,5.88,CN,1707680176
514,cruzeiro do sul,-29.5128,-51.9853,26.03,82,100,1.21,BR,1707680176
515,manghit,42.1156,60.0597,3.99,63,100,4.27,UZ,1707680177
516,kayar,14.9192,-17.1211,29.53,63,0,4.75,SN,1707680177
517,inirida,3.8653,-67.9239,31.86,58,83,0.92,CO,1707680177
518,remire-montjoly,4.9167,-52.2667,29.02,74,75,5.66,GF,1707680103
519,muborak,39.2553,65.1528,11.28,45,10,3.43,UZ,1707680177
520,gumla,23.05,84.55,15.39,37,34,0.62,IN,1707680177
521,conduaga,8.862,117.4893,25.13,75,22,3.43,PH,1707680060
522,vila velha,-20.3297,-40.2925,30.97,79,40,4.63,BR,1707680177
523,scottsbluff,41.8666,-103.6672,4.62,64,0,2.06,US,1707680177
524,cockburn town,21.4612,-71.1419,25.98,50,40,5.14,TC,1707680132
525,lubartow,51.4603,22.6095,9.58,83,100,5.57,PL,1707680178
526,buka,40.8108,69.1986,10.45,44,0,0.77,UZ,1707680178
527,bontang,0.1333,117.5,24.33,87,100,1.72,ID,1707680178
528,zaozersk,69.4005,32.4476,-18.7,95,100,2.04,RU,1707679959
529,ardestan,33.3761,52.3694,9.62,28,13,0.72,IR,1707680178
530,bandar lampung,-5.4254,105.258,22.78,96,19,1.78,ID,1707680178
531,nadym,65.5333,72.5167,-24.13,94,94,5.87,RU,1707680179
532,pointe aux piments,-20.0628,57.5131,27.51,90,9,5.64,MU,1707680179
533,weno,7.4515,151.8468,26.97,83,75,4.12,FM,1707680179
534,karachi,24.9056,67.0822,19.9,42,85,2.06,PK,1707679974
535,maloye ganyushkino,46.6,49.2667,0.14,94,100,5.42,KZ,1707680179
536,podborany,50.2294,13.4119,6.89,91,100,7.22,CZ,1707680179
537,mapastepec,15.4333,-92.9,33.94,31,0,5.69,MX,1707680179
538,sola,-13.8833,167.55,27.96,74,51,6.55,VU,1707680179
539,mwinilunga,-11.7358,24.4293,20.38,82,99,1.54,ZM,1707680180
540,midoun,33.8081,10.9923,15.92,53,84,5.32,TN,1707680180
541,bolobo,-2.1667,16.2333,25.54,80,100,2.02,CD,1707680180
542,kodinar,20.7903,70.7031,19.72,25,71,3.44,IN,1707680180
543,malabar,-33.9667,151.25,21.84,78,20,3.6,AU,1707680180
544,luganville,-15.5333,167.1667,25.7,89,0,1.17,VU,1707680180
545,lapai,9.05,6.5667,31.6,19,3,1.14,NG,1707680180
546,midvagur,62.0511,-7.1939,4.46,93,75,1.54,FO,1707680180
547,chichiriviche,10.9333,-68.2772,27.36,75,8,5.89,VE,1707680181
548,port macquarie,-31.4333,152.9167,19.38,82,89,1.28,AU,1707680181
549,cabo san lucas,22.8909,-109.9124,24.23,56,0,4.63,MX,1707680140
550,nagqu,31.5,92.0,-12.14,54,100,1.97,CN,1707680044
551,arawa,-6.2132,155.5367,26.91,78,96,1.11,PG,1707680181
552,chebba,35.2372,11.115,13.09,55,51,7.41,TN,1707680181
553,konarka,19.9,86.1167,20.22,62,0,0.51,IN,1707680182
554,simplicio mendes,-7.8539,-41.9103,29.56,59,99,2.39,BR,1707680182
555,singaparna,-7.3515,108.111,22.01,94,100,0.84,ID,1707680182
556,cobija,-11.0267,-68.7692,26.62,88,100,2.46,BO,1707680182
557,port-gentil,-0.7193,8.7815,27.98,94,40,1.54,GA,1707680182
558,corinto,37.9407,22.9573,14.94,68,100,6.7,GR,1707680182
559,inarajan village,13.2736,144.7484,26.54,80,55,7.28,GU,1707680182
560,winnemucca,40.973,-117.7357,4.03,48,0,2.06,US,1707680066
561,chakvi,41.7187,41.7335,14.99,41,0,8.23,GE,1707680183
562,bardai,11.65,7.2333,27.23,15,0,3.25,NG,1707680183
563,sambava,-14.2667,50.1667,25.99,87,100,2.34,MG,1707680183
564,touros,-5.1989,-35.4608,28.75,72,12,5.96,BR,1707680146
565,oum hadjer,13.2954,19.6966,28.37,10,0,4.23,TD,1707680183
